Submission,Count,Mean,Median,Std,Min,Q1,Q3,Max,IQR,CV
submission_improved_20251115_172806,2250,17575.041777777777,17549.0,392.3947092636568,16314.0,17371.0,17699.0,21435.0,328.0,2.2326815163524008
submission1,2250,19721.834666666666,17187.5,10047.319398826912,8723.0,11224.25,24510.0,60200.0,13285.75,50.94515580646577
submission2,2250,26039.239706466666,17733.716999999997,29815.82456209256,0.0,5419.5819,34818.6825,254919.72,29399.1006,114.50343749740131
submission3,2250,26905.090666666667,19981.5,30009.91370095217,182.0,4376.25,36798.25,288201.0,32422.0,111.53990920436532
submission_20251115_172016,2250,19721.834666666666,17187.5,10047.319398826912,8723.0,11224.25,24510.0,60200.0,13285.75,50.94515580646577
